<keymap version="1" name="Windows copy" parent="$default">
  <action id="Console.TableResult.DeleteRows">
    <keyboard-shortcut first-keystroke="ctrl y" />
    <keyboard-shortcut first-keystroke="shift ctrl back_space" />
  </action>
  <action id="EditorDeleteLine">
    <keyboard-shortcut first-keystroke="ctrl y" />
    <keyboard-shortcut first-keystroke="shift ctrl back_space" />
  </action>
  <action id="FileChooser.NewFolder">
    <keyboard-shortcut first-keystroke="alt insert" />
  </action>
  <action id="GotoChangedFile" />
  <action id="GotoClass" />
  <action id="JumpToLastChange" />
  <action id="NewElementSamePlace">
    <keyboard-shortcut first-keystroke="ctrl alt insert" />
    <keyboard-shortcut first-keystroke="ctrl n" />
  </action>
  <action id="ReformatCode">
    <keyboard-shortcut first-keystroke="ctrl alt l" />
    <keyboard-shortcut first-keystroke="alt x" />
  </action>
  <action id="SplitVertically">
    <keyboard-shortcut first-keystroke="ctrl back_slash" />
  </action>
  <action id="performancePlugin.ShowMemoryDialogAction">
    <keyboard-shortcut first-keystroke="ctrl alt 0" />
  </action>
</keymap>